1;MATHEMATIQUES;1;1;7;1750;279;2020-2021;;0;TROISIEME;1ER CYCLE;0;SCIENCES;1
2;MATHEMATIQUES;1;1;8;1747;279;2020-2021;;0;TROISIEME;1ER CYCLE;0;SCIENCES;1
4;MATHEMATIQUES;1;1;4;1747;279;2020-2021;;0;QUATRIEME;1ER CYCLE;0;SCIENCES;1
5;MATHEMATIQUES;1;1;5;1750;279;2020-2021;;0;QUATRIEME;1ER CYCLE;0;SCIENCES;1
6;MATHEMATIQUES;1;1;6;1750;279;2020-2021;;0;QUATRIEME;1ER CYCLE;0;SCIENCES;1
8;MATHEMATIQUES;1;1;1;1752;279;2020-2021;;0;CINQUIEME;1ER CYCLE;0;SCIENCES;1
9;MATHEMATIQUES;1;1;2;1746;279;2020-2021;;0;CINQUIEME;1ER CYCLE;0;SCIENCES;1
10;MATHEMATIQUES;1;1;3;1746;279;2020-2021;;0;CINQUIEME;1ER CYCLE;0;SCIENCES;1
12;MATHEMATIQUES;1;1;15;1747;279;2020-2021;;0;SIXIEME;1ER CYCLE;0;SCIENCES;1
13;MATHEMATIQUES;1;1;16;1747;279;2020-2021;;0;SIXIEME;1ER CYCLE;0;SCIENCES;1
14;MATHEMATIQUES;1;1;22;1750;279;2020-2021;;0;SIXIEME;1ER CYCLE;0;SCIENCES;1
15;PHYSIQUES-CHIMIE;1;1;7;1755;279;2020-2021;;0;TROISIEME;1ER CYCLE;0;SCIENCES;2
16;PHYSIQUES-CHIMIE;1;1;8;1755;279;2020-2021;;0;TROISIEME;1ER CYCLE;0;SCIENCES;2
18;PHYSIQUES-CHIMIE;1;1;4;1755;279;2020-2021;;0;QUATRIEME;1ER CYCLE;0;SCIENCES;2
19;PHYSIQUES-CHIMIE;1;1;5;1755;279;2020-2021;;0;QUATRIEME;1ER CYCLE;0;SCIENCES;2
20;PHYSIQUES-CHIMIE;1;1;6;1753;279;2020-2021;;0;QUATRIEME;1ER CYCLE;0;SCIENCES;2
22;PHYSIQUES-CHIMIE;1;1;1;1755;279;2020-2021;;0;CINQUIEME;1ER CYCLE;0;SCIENCES;2
23;PHYSIQUES-CHIMIE;1;1;2;1755;279;2020-2021;;0;CINQUIEME;1ER CYCLE;0;SCIENCES;2
24;PHYSIQUES-CHIMIE;1;1;3;1753;279;2020-2021;;0;CINQUIEME;1ER CYCLE;0;SCIENCES;2
26;PHYSIQUES-CHIMIE;1;1;15;1755;279;2020-2021;;0;SIXIEME;1ER CYCLE;0;SCIENCES;2
27;PHYSIQUES-CHIMIE;1;1;16;1755;279;2020-2021;;0;SIXIEME;1ER CYCLE;0;SCIENCES;2
28;PHYSIQUES-CHIMIE;1;1;22;1753;279;2020-2021;;0;SIXIEME;1ER CYCLE;0;SCIENCES;2
29;ANGLAIS;1;1;7;1739;279;2020-2021;;0;TROISIEME;1ER CYCLE;0;LETTRES;2
30;ANGLAIS;1;1;8;1737;279;2020-2021;;0;TROISIEME;1ER CYCLE;0;LETTRES;2
32;ANGLAIS;1;1;4;1738;279;2020-2021;;0;QUATRIEME;1ER CYCLE;0;LETTRES;2
33;ANGLAIS;1;1;5;1739;279;2020-2021;;0;QUATRIEME;1ER CYCLE;0;LETTRES;2
34;ANGLAIS;1;1;6;1739;279;2020-2021;;0;QUATRIEME;1ER CYCLE;0;LETTRES;2
36;ANGLAIS;1;1;1;1738;279;2020-2021;;0;CINQUIEME;1ER CYCLE;0;LETTRES;2
37;ANGLAIS;1;1;2;1738;279;2020-2021;;0;CINQUIEME;1ER CYCLE;0;LETTRES;2
38;ANGLAIS;1;1;3;1737;279;2020-2021;;0;CINQUIEME;1ER CYCLE;0;LETTRES;2
40;ANGLAIS;1;1;15;1739;279;2020-2021;;0;SIXIEME;1ER CYCLE;0;LETTRES;2
41;ANGLAIS;1;1;16;1739;279;2020-2021;;0;SIXIEME;1ER CYCLE;0;LETTRES;2
42;ANGLAIS;1;1;22;1739;279;2020-2021;;0;SIXIEME;1ER CYCLE;0;LETTRES;2
43;HISTOIRE-GEOGRAPHIE;1;1;7;1745;279;2020-2021;;0;TROISIEME;1ER CYCLE;0;LETTRES;4
44;HISTOIRE-GEOGRAPHIE;1;1;8;1743;279;2020-2021;;0;TROISIEME;1ER CYCLE;0;LETTRES;4
46;HISTOIRE-GEOGRAPHIE;1;1;4;1743;279;2020-2021;;0;QUATRIEME;1ER CYCLE;0;LETTRES;4
47;HISTOIRE-GEOGRAPHIE;1;1;5;1744;279;2020-2021;;0;QUATRIEME;1ER CYCLE;0;LETTRES;4
48;HISTOIRE-GEOGRAPHIE;1;1;6;1744;279;2020-2021;;0;QUATRIEME;1ER CYCLE;0;LETTRES;4
50;HISTOIRE-GEOGRAPHIE;1;1;1;1743;279;2020-2021;;0;CINQUIEME;1ER CYCLE;0;LETTRES;3
51;HISTOIRE-GEOGRAPHIE;1;1;2;1744;279;2020-2021;;0;CINQUIEME;1ER CYCLE;0;LETTRES;3
52;HISTOIRE-GEOGRAPHIE;1;1;3;1744;279;2020-2021;;0;CINQUIEME;1ER CYCLE;0;LETTRES;3
54;HISTOIRE-GEOGRAPHIE;1;1;15;1743;279;2020-2021;;0;SIXIEME;1ER CYCLE;0;LETTRES;3
55;HISTOIRE-GEOGRAPHIE;1;1;16;1744;279;2020-2021;;0;SIXIEME;1ER CYCLE;0;LETTRES;3
56;HISTOIRE-GEOGRAPHIE;1;1;22;1744;279;2020-2021;;0;SIXIEME;1ER CYCLE;0;LETTRES;3
57;FRANCAIS;1;1;7;1736;279;2020-2021;;1;TROISIEME;1ER CYCLE;0;LETTRES;1
58;FRANCAIS;1;1;8;1736;279;2020-2021;;1;TROISIEME;1ER CYCLE;0;LETTRES;1
60;FRANCAIS;1;1;4;1734;279;2020-2021;;1;QUATRIEME;1ER CYCLE;0;LETTRES;1
61;FRANCAIS;1;1;5;1734;279;2020-2021;;1;QUATRIEME;1ER CYCLE;0;LETTRES;1
62;FRANCAIS;1;1;6;1735;279;2020-2021;;1;QUATRIEME;1ER CYCLE;0;LETTRES;1
64;FRANCAIS;1;1;1;1734;279;2020-2021;;1;CINQUIEME;1ER CYCLE;0;LETTRES;1
65;FRANCAIS;1;1;2;1734;279;2020-2021;;1;CINQUIEME;1ER CYCLE;0;LETTRES;1
66;FRANCAIS;1;1;3;1736;279;2020-2021;;1;CINQUIEME;1ER CYCLE;0;LETTRES;1
68;FRANCAIS;1;1;15;1733;279;2020-2021;;1;SIXIEME;1ER CYCLE;0;LETTRES;1
69;FRANCAIS;1;1;16;1735;279;2020-2021;;1;SIXIEME;1ER CYCLE;0;LETTRES;1
70;FRANCAIS;1;1;22;1736;279;2020-2021;;1;SIXIEME;1ER CYCLE;0;LETTRES;1
71;EDHC;1;1;7;1755;279;2020-2021;;0;TROISIEME;1ER CYCLE;0;AUTRES;2
72;EDHC;1;1;8;1755;279;2020-2021;;0;TROISIEME;1ER CYCLE;0;AUTRES;2
74;EDHC;1;1;4;1740;279;2020-2021;;0;QUATRIEME;1ER CYCLE;0;AUTRES;2
75;EDHC;1;1;5;1740;279;2020-2021;;0;QUATRIEME;1ER CYCLE;0;AUTRES;2
76;EDHC;1;1;6;1740;279;2020-2021;;0;QUATRIEME;1ER CYCLE;0;AUTRES;2
78;EDHC;1;1;1;1744;279;2020-2021;;0;CINQUIEME;1ER CYCLE;0;AUTRES;2
79;EDHC;1;1;2;1744;279;2020-2021;;0;CINQUIEME;1ER CYCLE;0;AUTRES;2
80;EDHC;1;1;3;1744;279;2020-2021;;0;CINQUIEME;1ER CYCLE;0;AUTRES;2
82;EDHC;1;1;15;1753;279;2020-2021;;0;SIXIEME;1ER CYCLE;0;AUTRES;2
83;EDHC;1;1;16;1753;279;2020-2021;;0;SIXIEME;1ER CYCLE;0;AUTRES;2
84;EDHC;1;1;22;1753;279;2020-2021;;0;SIXIEME;1ER CYCLE;0;AUTRES;2
184;ANGLAIS;2;1;9;1737;279;2020-2021;;0;PREMIERE;2ND CYCLE;0;\N;\N
183;ANGLAIS;4;1;11;1737;279;2020-2021;;0;PREMIERE;2ND CYCLE;0;LETTRES;2
187;ANGLAIS;3;1;25;1738;279;2020-2021;;0;SECONDE;2ND CYCLE;0;LETTRES;2
185;ANGLAIS;2;1;10;1737;279;2020-2021;;0;PREMIERE;2ND CYCLE;0;LETTRES;2
92;COUTURE;1;1;1;1765;279;2020-2021;;0;CINQUIEME;1ER CYCLE;0;AUTRES;5
93;COUTURE;1;1;2;1765;279;2020-2021;;0;CINQUIEME;1ER CYCLE;0;AUTRES;5
94;COUTURE;1;1;3;1765;279;2020-2021;;0;CINQUIEME;1ER CYCLE;0;AUTRES;5
96;COUTURE;1;1;15;1765;279;2020-2021;;0;SIXIEME;1ER CYCLE;0;AUTRES;5
97;COUTURE;1;1;16;1765;279;2020-2021;;0;SIXIEME;1ER CYCLE;0;AUTRES;5
98;COUTURE;1;1;22;1765;279;2020-2021;;0;SIXIEME;1ER CYCLE;0;AUTRES;5
99;CPDP;1;1;7;0;279;2020-2021;;0;TROISIEME;1ER CYCLE;1;AUTRES;4
100;CPDP;1;1;8;0;279;2020-2021;;0;TROISIEME;1ER CYCLE;1;AUTRES;4
102;CPDP;1;1;4;0;279;2020-2021;;0;QUATRIEME;1ER CYCLE;1;AUTRES;5
103;CPDP;1;1;5;0;279;2020-2021;;0;QUATRIEME;1ER CYCLE;1;AUTRES;5
104;CPDP;1;1;6;0;279;2020-2021;;0;QUATRIEME;1ER CYCLE;1;AUTRES;5
106;CPDP;1;1;1;0;279;2020-2021;;0;CINQUIEME;1ER CYCLE;1;AUTRES;6
107;CPDP;1;1;2;0;279;2020-2021;;0;CINQUIEME;1ER CYCLE;1;AUTRES;6
108;CPDP;1;1;3;0;279;2020-2021;;0;CINQUIEME;1ER CYCLE;1;AUTRES;6
110;CPDP;1;1;15;1766;279;2020-2021;;0;SIXIEME;1ER CYCLE;1;AUTRES;6
111;CPDP;1;1;16;0;279;2020-2021;;0;SIXIEME;1ER CYCLE;1;AUTRES;6
112;CPDP;1;1;22;0;279;2020-2021;;0;SIXIEME;1ER CYCLE;1;AUTRES;6
113;SVT;1;1;7;1759;279;2020-2021;;0;TROISIEME;1ER CYCLE;0;SCIENCES;3
114;SVT;1;1;8;1757;279;2020-2021;;0;TROISIEME;1ER CYCLE;0;SCIENCES;3
116;SVT;1;1;4;1759;279;2020-2021;;0;QUATRIEME;1ER CYCLE;0;SCIENCES;3
117;SVT;1;1;5;1759;279;2020-2021;;0;QUATRIEME;1ER CYCLE;0;SCIENCES;3
118;SVT;1;1;6;1759;279;2020-2021;;0;QUATRIEME;1ER CYCLE;0;SCIENCES;3
120;SVT;1;1;1;1757;279;2020-2021;;0;CINQUIEME;1ER CYCLE;0;SCIENCES;3
121;SVT;1;1;2;1757;279;2020-2021;;0;CINQUIEME;1ER CYCLE;0;SCIENCES;3
122;SVT;1;1;3;1757;279;2020-2021;;0;CINQUIEME;1ER CYCLE;0;SCIENCES;3
124;SVT;1;1;15;1759;279;2020-2021;;0;SIXIEME;1ER CYCLE;0;SCIENCES;3
125;SVT;1;1;16;1759;279;2020-2021;;0;SIXIEME;1ER CYCLE;0;SCIENCES;3
126;SVT;1;1;22;1759;279;2020-2021;;0;SIXIEME;1ER CYCLE;0;SCIENCES;3
127;EPS;1;1;7;1762;279;2020-2021;;0;TROISIEME;1ER CYCLE;0;AUTRES;1
128;EPS;1;1;8;1762;279;2020-2021;;0;TROISIEME;1ER CYCLE;0;AUTRES;1
130;EPS;1;1;4;1763;279;2020-2021;;0;QUATRIEME;1ER CYCLE;0;AUTRES;1
131;EPS;1;1;5;1763;279;2020-2021;;0;QUATRIEME;1ER CYCLE;0;AUTRES;1
132;EPS;1;1;6;1763;279;2020-2021;;0;QUATRIEME;1ER CYCLE;0;AUTRES;1
134;EPS;1;1;1;1762;279;2020-2021;;0;CINQUIEME;1ER CYCLE;0;AUTRES;1
135;EPS;1;1;2;1762;279;2020-2021;;0;CINQUIEME;1ER CYCLE;0;AUTRES;1
136;EPS;1;1;3;1762;279;2020-2021;;0;CINQUIEME;1ER CYCLE;0;AUTRES;1
138;EPS;1;1;15;1763;279;2020-2021;;0;SIXIEME;1ER CYCLE;0;AUTRES;1
139;EPS;1;1;16;1763;279;2020-2021;;0;SIXIEME;1ER CYCLE;0;AUTRES;1
140;EPS;1;1;22;1763;279;2020-2021;;0;SIXIEME;1ER CYCLE;0;AUTRES;1
144;INFORMATIQUE;1;1;4;1764;279;2020-2021;;0;QUATRIEME;1ER CYCLE;0;AUTRES;4
145;INFORMATIQUE;1;1;5;1764;279;2020-2021;;0;QUATRIEME;1ER CYCLE;0;AUTRES;4
146;INFORMATIQUE;1;1;6;1764;279;2020-2021;;0;QUATRIEME;1ER CYCLE;0;AUTRES;4
148;INFORMATIQUE;1;1;1;1764;279;2020-2021;;0;CINQUIEME;1ER CYCLE;0;AUTRES;4
149;INFORMATIQUE;1;1;2;1764;279;2020-2021;;0;CINQUIEME;1ER CYCLE;0;AUTRES;4
150;INFORMATIQUE;1;1;3;1764;279;2020-2021;;0;CINQUIEME;1ER CYCLE;0;AUTRES;4
152;INFORMATIQUE;1;1;15;1764;279;2020-2021;;0;SIXIEME;1ER CYCLE;0;AUTRES;4
153;INFORMATIQUE;1;1;16;1764;279;2020-2021;;0;SIXIEME;1ER CYCLE;0;AUTRES;4
154;INFORMATIQUE;1;1;22;1764;279;2020-2021;;0;SIXIEME;1ER CYCLE;0;AUTRES;4
156;FHR;1;1;8;0;279;2020-2021;;0;TROISIEME;1ER CYCLE;1;AUTRES;5
158;FHR;1;1;4;0;279;2020-2021;;0;QUATRIEME;1ER CYCLE;1;AUTRES;6
159;FHR;1;1;5;0;279;2020-2021;;0;QUATRIEME;1ER CYCLE;1;AUTRES;6
160;FHR;1;1;6;0;279;2020-2021;;0;QUATRIEME;1ER CYCLE;1;AUTRES;6
162;FHR;1;1;1;1768;279;2020-2021;;0;CINQUIEME;1ER CYCLE;1;AUTRES;7
163;FHR;1;1;2;0;279;2020-2021;;0;CINQUIEME;1ER CYCLE;1;AUTRES;7
164;FHR;1;1;3;0;279;2020-2021;;0;CINQUIEME;1ER CYCLE;1;AUTRES;7
166;FHR;1;1;15;1767;279;2020-2021;;0;SIXIEME;1ER CYCLE;1;AUTRES;7
167;FHR;1;1;16;0;279;2020-2021;;0;SIXIEME;1ER CYCLE;1;AUTRES;7
168;FHR;1;1;22;0;279;2020-2021;;0;SIXIEME;1ER CYCLE;1;AUTRES;7
169;EDUCATION MUSICALE;1;1;7;1760;279;2020-2021;;0;TROISIEME;1ER CYCLE;0;AUTRES;3
170;EDUCATION MUSICALE;1;1;8;1760;279;2020-2021;;0;TROISIEME;1ER CYCLE;0;AUTRES;3
172;EDUCATION MUSICALE;1;1;4;1761;279;2020-2021;;0;QUATRIEME;1ER CYCLE;0;AUTRES;3
173;EDUCATION MUSICALE;1;1;5;1761;279;2020-2021;;0;QUATRIEME;1ER CYCLE;0;AUTRES;3
174;EDUCATION MUSICALE;1;1;6;1761;279;2020-2021;;0;QUATRIEME;1ER CYCLE;0;AUTRES;3
176;EDUCATION MUSICALE;1;1;1;1761;279;2020-2021;;0;CINQUIEME;1ER CYCLE;0;AUTRES;3
177;EDUCATION MUSICALE;1;1;2;1761;279;2020-2021;;0;CINQUIEME;1ER CYCLE;0;AUTRES;3
178;EDUCATION MUSICALE;1;1;3;1761;279;2020-2021;;0;CINQUIEME;1ER CYCLE;0;AUTRES;3
180;EDUCATION MUSICALE;1;1;15;1760;279;2020-2021;;0;SIXIEME;1ER CYCLE;0;AUTRES;3
181;EDUCATION MUSICALE;1;1;16;1760;279;2020-2021;;0;SIXIEME;1ER CYCLE;0;AUTRES;3
182;EDUCATION MUSICALE;1;1;22;1761;279;2020-2021;;0;SIXIEME;1ER CYCLE;0;AUTRES;3
188;ANGLAIS;3;1;24;1738;279;2020-2021;;0;SECONDE;2ND CYCLE;0;LETTRES;2
190;ANGLAIS;4;1;14;1739;279;2020-2021;;0;TERMINALE;2ND CYCLE;0;LETTRES;2
191;ANGLAIS;1;1;12;1737;279;2020-2021;;0;TERMINALE;2ND CYCLE;0;LETTRES;2
192;ANGLAIS;1;1;13;1737;279;2020-2021;;0;TERMINALE;2ND CYCLE;0;LETTRES;2
194;MATHEMATIQUES;2;1;11;1747;279;2020-2021;;0;PREMIERE;2ND CYCLE;0;SCIENCES;1
195;MATHEMATIQUES;5;1;9;1751;279;2020-2021;;0;PREMIERE;2ND CYCLE;0;\N;\N
196;MATHEMATIQUES;4;1;10;1746;279;2020-2021;;0;PREMIERE;2ND CYCLE;0;SCIENCES;1
198;MATHEMATIQUES;3;1;25;1752;279;2020-2021;;0;SECONDE;2ND CYCLE;0;SCIENCES;1
199;MATHEMATIQUES;5;1;24;1752;279;2020-2021;;0;SECONDE;2ND CYCLE;0;SCIENCES;1
201;MATHEMATIQUES;2;4;14;1746;279;2020-2021;;0;TERMINALE;2ND CYCLE;0;SCIENCES;1
202;MATHEMATIQUES;5;1;12;1751;279;2020-2021;;0;TERMINALE;2ND CYCLE;0;SCIENCES;1
203;MATHEMATIQUES;4;1;13;1748;279;2020-2021;;0;TERMINALE;2ND CYCLE;0;SCIENCES;1
205;EDUCATION MUSICALE;1;1;11;1761;279;2020-2021;;0;PREMIERE;2ND CYCLE;0;AUTRES;2
206;EDUCATION MUSICALE;1;1;9;1761;279;2020-2021;;0;PREMIERE;2ND CYCLE;0;\N;\N
207;EDUCATION MUSICALE;1;1;10;1761;279;2020-2021;;0;PREMIERE;2ND CYCLE;0;AUTRES;2
209;EDUCATION MUSICALE;1;1;25;1760;279;2020-2021;;0;SECONDE;2ND CYCLE;0;AUTRES;2
210;EDUCATION MUSICALE;1;1;24;1760;279;2020-2021;;0;SECONDE;2ND CYCLE;0;AUTRES;2
212;EDUCATION MUSICALE;1;1;14;1760;279;2020-2021;;0;TERMINALE;2ND CYCLE;0;AUTRES;2
213;EDUCATION MUSICALE;1;1;12;1760;279;2020-2021;;0;TERMINALE;2ND CYCLE;0;AUTRES;2
214;EDUCATION MUSICALE;1;1;13;1760;279;2020-2021;;0;TERMINALE;2ND CYCLE;0;AUTRES;2
216;FRANCAIS;4;1;11;1733;279;2020-2021;;0;PREMIERE;2ND CYCLE;0;LETTRES;1
217;FRANCAIS;3;1;9;1735;279;2020-2021;;0;PREMIERE;2ND CYCLE;0;\N;\N
218;FRANCAIS;3;1;10;1735;279;2020-2021;;0;PREMIERE;2ND CYCLE;0;LETTRES;1
220;FRANCAIS;4;1;25;1735;279;2020-2021;;0;SECONDE;2ND CYCLE;0;LETTRES;1
221;FRANCAIS;3;1;24;1734;279;2020-2021;;0;SECONDE;2ND CYCLE;0;\N;1
223;FRANCAIS;4;1;14;1733;279;2020-2021;;0;TERMINALE;2ND CYCLE;0;LETTRES;1
224;FRANCAIS;3;1;12;1749;279;2020-2021;;0;TERMINALE;2ND CYCLE;0;LETTRES;1
225;FRANCAIS;3;1;13;1749;279;2020-2021;;0;TERMINALE;2ND CYCLE;0;LETTRES;1
227;HISTOIRE-GEOGRAPHIE;3;1;11;1743;279;2020-2021;;0;PREMIERE;2ND CYCLE;0;LETTRES;5
228;HISTOIRE-GEOGRAPHIE;2;1;9;1743;279;2020-2021;;0;PREMIERE;2ND CYCLE;0;\N;\N
229;HISTOIRE-GEOGRAPHIE;2;1;10;1743;279;2020-2021;;0;PREMIERE;2ND CYCLE;0;LETTRES;4
231;HISTOIRE-GEOGRAPHIE;3;1;25;1742;279;2020-2021;;0;SECONDE;2ND CYCLE;0;LETTRES;5
232;HISTOIRE-GEOGRAPHIE;2;1;24;1745;279;2020-2021;;0;SECONDE;2ND CYCLE;0;\N;5
234;HISTOIRE-GEOGRAPHIE;3;1;14;1742;279;2020-2021;;0;TERMINALE;2ND CYCLE;0;LETTRES;6
235;HISTOIRE-GEOGRAPHIE;2;1;12;1742;279;2020-2021;;0;TERMINALE;2ND CYCLE;0;LETTRES;3
236;HISTOIRE-GEOGRAPHIE;2;1;13;1745;279;2020-2021;;0;TERMINALE;2ND CYCLE;0;LETTRES;3
238;SVT;1;1;11;1757;279;2020-2021;;0;PREMIERE;2ND CYCLE;0;SCIENCES;3
239;PHILOSOPHIE;3;1;11;1732;279;2020-2021;;0;PREMIERE;2ND CYCLE;0;LETTRES;6
240;PHYSIQUES-CHIMIE;1;1;11;1753;279;2020-2021;;0;PREMIERE;2ND CYCLE;0;SCIENCES;2
279;ESPAGNOL;3;1;25;1770;279;2020-2021;;0;SECONDE;2ND CYCLE;0;LETTRES;4
242;SVT;2;1;9;1757;279;2020-2021;;0;PREMIERE;2ND CYCLE;0;\N;\N
243;PHILOSOPHIE;5;1;14;1731;279;2020-2021;;0;TERMINALE;2ND CYCLE;0;LETTRES;5
244;EPS;1;1;9;1762;279;2020-2021;;0;PREMIERE;2ND CYCLE;0;\N;\N
245;PHYSIQUES-CHIMIE;5;1;9;1754;279;2020-2021;;0;PREMIERE;2ND CYCLE;0;\N;\N
246;PHILOSOPHIE;2;1;9;1732;279;2020-2021;;0;PREMIERE;2ND CYCLE;0;\N;\N
276;ALLEMAND;3;1;14;1769;279;2020-2021;;0;TERMINALE;2ND CYCLE;0;LETTRES;3
248;SVT;4;1;10;1758;279;2020-2021;;0;PREMIERE;2ND CYCLE;0;SCIENCES;3
249;EPS;1;1;10;1762;279;2020-2021;;0;PREMIERE;2ND CYCLE;0;AUTRES;1
250;PHYSIQUES-CHIMIE;4;1;10;1754;279;2020-2021;;0;PREMIERE;2ND CYCLE;0;SCIENCES;2
251;SVT;2;1;14;1757;279;2020-2021;;0;TERMINALE;2ND CYCLE;0;SCIENCES;3
252;PHILOSOPHIE;2;1;10;1732;279;2020-2021;;0;PREMIERE;2ND CYCLE;0;LETTRES;3
253;EPS;1;1;14;1763;279;2020-2021;;0;TERMINALE;2ND CYCLE;0;AUTRES;1
254;PHYSIQUES-CHIMIE;2;1;25;1753;279;2020-2021;;0;SECONDE;2ND CYCLE;0;SCIENCES;2
277;ESPAGNOL;3;1;14;1770;279;2020-2021;;0;TERMINALE;2ND CYCLE;0;AUTRES;4
256;SVT;2;1;25;1759;279;2020-2021;;0;SECONDE;2ND CYCLE;0;SCIENCES;3
257;PHILOSOPHIE;2;1;12;1732;279;2020-2021;;0;TERMINALE;2ND CYCLE;0;LETTRES;4
258;EPS;1;1;25;1763;279;2020-2021;;0;SECONDE;2ND CYCLE;0;AUTRES;1
259;PHYSIQUES-CHIMIE;4;1;24;1754;279;2020-2021;;0;SECONDE;2ND CYCLE;0;SCIENCES;2
282;ALLEMAND;1;1;24;1769;279;2020-2021;;0;SECONDE;2ND CYCLE;0;LETTRES;3
261;SVT;2;1;24;1759;279;2020-2021;;0;SECONDE;2ND CYCLE;0;SCIENCES;3
262;EPS;1;1;24;1762;279;2020-2021;;0;SECONDE;2ND CYCLE;0;AUTRES;1
263;PHYSIQUES-CHIMIE;5;1;12;1756;279;2020-2021;;0;TERMINALE;2ND CYCLE;0;SCIENCES;2
264;SVT;2;1;12;1758;279;2020-2021;;0;TERMINALE;2ND CYCLE;0;SCIENCES;3
265;EPS;1;1;12;1763;279;2020-2021;;0;TERMINALE;2ND CYCLE;0;AUTRES;1
266;EPS;1;1;11;1762;279;2020-2021;;0;PREMIERE;2ND CYCLE;0;AUTRES;1
267;EPS;1;1;13;1763;279;2020-2021;;0;TERMINALE;2ND CYCLE;0;AUTRES;1
268;SVT;4;1;13;1758;279;2020-2021;;0;TERMINALE;2ND CYCLE;0;SCIENCES;3
269;PHILOSOPHIE;2;1;13;1731;279;2020-2021;;0;TERMINALE;2ND CYCLE;0;LETTRES;4
271;ESPAGNOL;1;1;4;1740;279;2020-2021;;0;QUATRIEME;1ER CYCLE;0;LETTRES;3
272;ESPAGNOL;1;1;5;1740;279;2020-2021;;0;QUATRIEME;1ER CYCLE;0;LETTRES;3
273;ESPAGNOL;1;1;7;1740;279;2020-2021;;0;TROISIEME;1ER CYCLE;0;LETTRES;3
274;ALLEMAND;1;1;6;1769;279;2020-2021;;0;QUATRIEME;1ER CYCLE;0;LETTRES;3
275;ALLEMAND;1;1;8;1769;279;2020-2021;;0;TROISIEME;1ER CYCLE;0;LETTRES;3
278;ALLEMAND;3;1;25;1769;279;2020-2021;;0;SECONDE;2ND CYCLE;0;LETTRES;3
280;ALLEMAND;3;1;11;1769;279;2020-2021;;0;PREMIERE;2ND CYCLE;0;LETTRES;3
281;ESPAGNOL;3;1;11;1770;279;2020-2021;;0;PREMIERE;2ND CYCLE;0;LETTRES;4
283;ESPAGNOL;1;1;24;1740;279;2020-2021;;0;SECONDE;2ND CYCLE;0;\N;4
284;PHYSIQUES-CHIMIE;4;1;13;1756;279;2020-2021;;0;TERMINALE;2ND CYCLE;0;SCIENCES;2
287;ANGLAIS;2;2;26;1739;279;2021-2022;;0;SIXIEME;1ER CYCLE;0;LETTRES;2
288;COUTURE;1;1;26;1765;279;2021-2022;;0;SIXIEME;1ER CYCLE;0;AUTRES;5
290;EDHC;1;1;26;1753;279;2021-2022;;0;SIXIEME;1ER CYCLE;0;AUTRES;2
292;EPS;1;1;26;1763;279;2021-2022;;0;SIXIEME;1ER CYCLE;0;AUTRES;1
295;FRANCAIS;3;3;26;1734;279;2021-2022;;1;SIXIEME;1ER CYCLE;0;LETTRES;1
296;HISTOIRE-GEOGRAPHIE;2;2;26;1744;279;2021-2022;;0;SIXIEME;1ER CYCLE;0;LETTRES;3
297;INFORMATIQUE;1;1;26;1764;279;2021-2022;;0;SIXIEME;1ER CYCLE;0;AUTRES;4
298;MATHEMATIQUES;3;3;26;1747;279;2021-2022;;0;SIXIEME;1ER CYCLE;0;SCIENCES;1
300;PHYSIQUES-CHIMIE;2;2;26;1753;279;2021-2022;;0;SIXIEME;1ER CYCLE;0;SCIENCES;2
301;SVT;2;2;26;2429;279;2021-2022;;0;SIXIEME;1ER CYCLE;0;SCIENCES;3
304;ANGLAIS;2;2;27;1739;279;2021-2022;;0;SIXIEME;1ER CYCLE;0;LETTRES;2
305;COUTURE;1;1;27;1765;279;2021-2022;;0;SIXIEME;1ER CYCLE;0;AUTRES;5
307;EDHC;1;1;27;1753;279;2021-2022;;0;SIXIEME;1ER CYCLE;0;AUTRES;2
309;EPS;1;1;27;1763;279;2021-2022;;0;SIXIEME;1ER CYCLE;0;AUTRES;1
312;FRANCAIS;3;3;27;1736;279;2021-2022;;1;SIXIEME;1ER CYCLE;0;LETTRES;1
313;HISTOIRE-GEOGRAPHIE;2;2;27;1744;279;2021-2022;;0;SIXIEME;1ER CYCLE;0;LETTRES;3
314;INFORMATIQUE;1;1;27;1764;279;2021-2022;;0;SIXIEME;1ER CYCLE;0;AUTRES;4
315;MATHEMATIQUES;3;3;27;2356;279;2021-2022;;0;SIXIEME;1ER CYCLE;0;SCIENCES;1
317;PHYSIQUES-CHIMIE;2;2;27;1755;279;2021-2022;;0;SIXIEME;1ER CYCLE;0;SCIENCES;2
318;SVT;2;2;27;1757;279;2021-2022;;0;SIXIEME;1ER CYCLE;0;SCIENCES;3
321;ANGLAIS;2;2;28;1739;279;2021-2022;;0;SIXIEME;1ER CYCLE;0;LETTRES;2
322;COUTURE;1;1;28;1765;279;2021-2022;;0;SIXIEME;1ER CYCLE;0;AUTRES;5
324;EDHC;1;1;28;1744;279;2021-2022;;0;SIXIEME;1ER CYCLE;0;AUTRES;2
325;EDUCATION MUSICALE;1;1;28;1760;279;2021-2022;;0;SIXIEME;1ER CYCLE;0;AUTRES;3
326;EPS;1;1;28;1763;279;2021-2022;;0;SIXIEME;1ER CYCLE;0;AUTRES;1
329;FRANCAIS;3;3;28;1735;279;2021-2022;;1;SIXIEME;1ER CYCLE;0;LETTRES;1
330;HISTOIRE-GEOGRAPHIE;2;2;28;1744;279;2021-2022;;0;SIXIEME;1ER CYCLE;0;LETTRES;3
331;INFORMATIQUE;1;1;28;1764;279;2021-2022;;0;SIXIEME;1ER CYCLE;0;AUTRES;4
332;MATHEMATIQUES;3;3;28;1750;279;2021-2022;;0;SIXIEME;1ER CYCLE;0;SCIENCES;1
334;PHYSIQUES-CHIMIE;2;2;28;1755;279;2021-2022;;0;SIXIEME;1ER CYCLE;0;SCIENCES;2
335;SVT;2;2;28;1757;279;2021-2022;;0;SIXIEME;1ER CYCLE;0;SCIENCES;3
628;ARTS PLASTIQUES;1;1;31;2357;279;2021-2022;;0;CINQUIEME;1ER CYCLE;0;AUTRES;4
338;ANGLAIS;2;2;29;1737;279;2021-2022;;0;CINQUIEME;1ER CYCLE;0;LETTRES;2
341;EDHC;1;1;29;1744;279;2021-2022;;0;CINQUIEME;1ER CYCLE;0;AUTRES;2
342;EDUCATION MUSICALE;1;1;29;1760;279;2021-2022;;0;CINQUIEME;1ER CYCLE;0;AUTRES;3
343;EPS;1;1;29;1762;279;2021-2022;;0;CINQUIEME;1ER CYCLE;0;AUTRES;1
622;SVT;2;2;45;2429;279;2021-2022;;0;TROISIEME;1ER CYCLE;0;SCIENCES;3
346;FRANCAIS;3;3;29;1735;279;2021-2022;;1;CINQUIEME;1ER CYCLE;0;LETTRES;1
347;HISTOIRE-GEOGRAPHIE;2;2;29;1744;279;2021-2022;;0;CINQUIEME;1ER CYCLE;0;LETTRES;3
348;INFORMATIQUE;1;1;29;1764;279;2021-2022;;0;CINQUIEME;1ER CYCLE;0;AUTRES;5
349;MATHEMATIQUES;3;3;29;1750;279;2021-2022;;0;CINQUIEME;1ER CYCLE;0;SCIENCES;1
351;PHYSIQUES-CHIMIE;2;2;29;1753;279;2021-2022;;0;CINQUIEME;1ER CYCLE;0;SCIENCES;2
352;SVT;2;2;29;1757;279;2021-2022;;0;CINQUIEME;1ER CYCLE;0;SCIENCES;3
621;PHYSIQUES-CHIMIE;2;2;45;1755;279;2021-2022;;0;TROISIEME;1ER CYCLE;0;SCIENCES;2
355;ANGLAIS;2;2;30;1738;279;2021-2022;;0;CINQUIEME;1ER CYCLE;0;LETTRES;2
358;EDHC;1;1;30;1753;279;2021-2022;;0;CINQUIEME;1ER CYCLE;0;AUTRES;2
359;EDUCATION MUSICALE;1;1;30;2427;279;2021-2022;;0;CINQUIEME;1ER CYCLE;0;AUTRES;3
360;EPS;1;1;30;1762;279;2021-2022;;0;CINQUIEME;1ER CYCLE;0;AUTRES;1
620;MATHEMATIQUES;3;3;45;1747;279;2021-2022;;0;TROISIEME;1ER CYCLE;0;SCIENCES;1
363;FRANCAIS;3;3;30;1734;279;2021-2022;;1;CINQUIEME;1ER CYCLE;0;LETTRES;1
364;HISTOIRE-GEOGRAPHIE;2;2;30;1744;279;2021-2022;;0;CINQUIEME;1ER CYCLE;0;LETTRES;3
365;INFORMATIQUE;1;1;30;1764;279;2021-2022;;0;CINQUIEME;1ER CYCLE;0;AUTRES;5
366;MATHEMATIQUES;3;3;30;1747;279;2021-2022;;0;CINQUIEME;1ER CYCLE;0;SCIENCES;1
368;PHYSIQUES-CHIMIE;2;2;30;1755;279;2021-2022;;0;CINQUIEME;1ER CYCLE;0;SCIENCES;2
369;SVT;2;2;30;2429;279;2021-2022;;0;CINQUIEME;1ER CYCLE;0;SCIENCES;3
619;INFORMATIQUE;1;1;45;1764;279;2021-2022;;0;TROISIEME;1ER CYCLE;0;AUTRES;4
372;ANGLAIS;2;2;31;1737;279;2021-2022;;0;CINQUIEME;1ER CYCLE;0;LETTRES;2
375;EDHC;1;1;31;1744;279;2021-2022;;0;CINQUIEME;1ER CYCLE;0;AUTRES;2
376;EDUCATION MUSICALE;1;1;31;2427;279;2021-2022;;0;CINQUIEME;1ER CYCLE;0;AUTRES;3
377;EPS;1;1;31;1762;279;2021-2022;;0;CINQUIEME;1ER CYCLE;0;AUTRES;1
618;HISTOIRE-GEOGRAPHIE;2;2;45;1743;279;2021-2022;;0;TROISIEME;1ER CYCLE;0;LETTRES;3
380;FRANCAIS;3;3;31;1734;279;2021-2022;;1;CINQUIEME;1ER CYCLE;0;LETTRES;1
381;HISTOIRE-GEOGRAPHIE;2;2;31;1744;279;2021-2022;;0;CINQUIEME;1ER CYCLE;0;LETTRES;3
382;INFORMATIQUE;1;1;31;1764;279;2021-2022;;0;CINQUIEME;1ER CYCLE;0;AUTRES;4
383;MATHEMATIQUES;3;3;31;1750;279;2021-2022;;0;CINQUIEME;1ER CYCLE;0;SCIENCES;1
617;FRANCAIS;4;4;45;1749;279;2021-2022;;1;TROISIEME;1ER CYCLE;0;LETTRES;1
385;PHYSIQUES-CHIMIE;2;2;31;1753;279;2021-2022;;0;CINQUIEME;1ER CYCLE;0;SCIENCES;2
386;SVT;2;2;31;1757;279;2021-2022;;0;CINQUIEME;1ER CYCLE;0;SCIENCES;3
389;ANGLAIS;2;2;32;1737;279;2021-2022;;0;QUATRIEME;1ER CYCLE;0;LETTRES;2
392;EDHC;1;1;32;2356;279;2021-2022;;0;QUATRIEME;1ER CYCLE;0;AUTRES;2
393;EDUCATION MUSICALE;1;1;32;1760;279;2021-2022;;0;QUATRIEME;1ER CYCLE;0;AUTRES;3
394;EPS;1;1;32;1763;279;2021-2022;;0;QUATRIEME;1ER CYCLE;0;AUTRES;1
395;ESPAGNOL;1;1;32;1740;279;2021-2022;;0;QUATRIEME;2ND CYCLE;0;LETTRES;4
397;FRANCAIS;4;4;32;1736;279;2021-2022;;1;QUATRIEME;1ER CYCLE;0;LETTRES;1
398;HISTOIRE-GEOGRAPHIE;2;2;32;1744;279;2021-2022;;0;QUATRIEME;1ER CYCLE;0;LETTRES;3
399;INFORMATIQUE;1;1;32;1764;279;2021-2022;;0;QUATRIEME;1ER CYCLE;0;AUTRES;4
400;MATHEMATIQUES;3;3;32;1752;279;2021-2022;;0;QUATRIEME;1ER CYCLE;0;SCIENCES;1
402;PHYSIQUES-CHIMIE;2;2;32;1755;279;2021-2022;;0;QUATRIEME;1ER CYCLE;0;SCIENCES;2
403;SVT;2;2;32;2429;279;2021-2022;;0;QUATRIEME;1ER CYCLE;0;SCIENCES;3
614;EPS;1;1;45;1763;279;2021-2022;;0;TROISIEME;1ER CYCLE;0;AUTRES;1
406;ANGLAIS;2;2;33;1738;279;2021-2022;;0;QUATRIEME;1ER CYCLE;0;LETTRES;2
409;EDHC;1;1;33;2356;279;2021-2022;;0;QUATRIEME;1ER CYCLE;0;AUTRES;2
410;EDUCATION MUSICALE;1;1;33;1760;279;2021-2022;;0;QUATRIEME;1ER CYCLE;0;AUTRES;3
411;EPS;1;1;33;1763;279;2021-2022;;0;QUATRIEME;1ER CYCLE;0;AUTRES;1
412;ESPAGNOL;1;1;33;1740;279;2021-2022;;0;QUATRIEME;1ER CYCLE;0;LETTRES;4
414;FRANCAIS;4;4;33;1736;279;2021-2022;;1;QUATRIEME;1ER CYCLE;0;LETTRES;1
415;HISTOIRE-GEOGRAPHIE;2;2;33;1743;279;2021-2022;;0;QUATRIEME;1ER CYCLE;0;LETTRES;3
416;INFORMATIQUE;1;1;33;1764;279;2021-2022;;0;QUATRIEME;1ER CYCLE;0;AUTRES;4
417;MATHEMATIQUES;3;3;33;1747;279;2021-2022;;0;QUATRIEME;1ER CYCLE;0;SCIENCES;1
419;PHYSIQUES-CHIMIE;2;2;33;1755;279;2021-2022;;0;QUATRIEME;1ER CYCLE;0;SCIENCES;2
420;SVT;2;2;33;1757;279;2021-2022;;0;QUATRIEME;1ER CYCLE;0;SCIENCES;3
421;ALLEMAND;1;1;34;2358;279;2021-2022;;0;QUATRIEME;1ER CYCLE;0;LETTRES;4
613;EDUCATION MUSICALE;1;1;45;1760;279;2021-2022;;0;TROISIEME;1ER CYCLE;0;AUTRES;3
423;ANGLAIS;2;2;34;1738;279;2021-2022;;0;QUATRIEME;1ER CYCLE;0;LETTRES;2
426;EDHC;1;1;34;2356;279;2021-2022;;0;QUATRIEME;1ER CYCLE;0;AUTRES;2
427;EDUCATION MUSICALE;1;1;34;1760;279;2021-2022;;0;QUATRIEME;1ER CYCLE;0;AUTRES;3
428;EPS;1;1;34;1763;279;2021-2022;;0;QUATRIEME;1ER CYCLE;0;AUTRES;1
431;FRANCAIS;4;4;34;1734;279;2021-2022;;1;QUATRIEME;1ER CYCLE;0;LETTRES;1
432;HISTOIRE-GEOGRAPHIE;2;2;34;1743;279;2021-2022;;0;QUATRIEME;1ER CYCLE;0;LETTRES;3
433;INFORMATIQUE;1;1;34;1764;279;2021-2022;;0;QUATRIEME;1ER CYCLE;0;AUTRES;4
434;MATHEMATIQUES;3;3;34;1752;279;2021-2022;;0;QUATRIEME;1ER CYCLE;0;SCIENCES;1
612;EDHC;1;1;45;1740;279;2021-2022;;0;TROISIEME;1ER CYCLE;0;AUTRES;2
436;PHYSIQUES-CHIMIE;2;2;34;1753;279;2021-2022;;0;QUATRIEME;1ER CYCLE;0;SCIENCES;2
437;SVT;2;2;34;2429;279;2021-2022;;0;QUATRIEME;1ER CYCLE;0;SCIENCES;3
440;ANGLAIS;2;2;35;1739;279;2021-2022;;0;TROISIEME;1ER CYCLE;0;LETTRES;2
443;EDHC;1;1;35;1755;279;2021-2022;;0;TROISIEME;1ER CYCLE;0;AUTRES;2
444;EDUCATION MUSICALE;1;1;35;2427;279;2021-2022;;0;TROISIEME;1ER CYCLE;0;AUTRES;3
445;EPS;1;1;35;1762;279;2021-2022;;0;TROISIEME;1ER CYCLE;0;AUTRES;1
446;ESPAGNOL;1;1;35;1740;279;2021-2022;;0;TROISIEME;1ER CYCLE;0;LETTRES;4
448;FRANCAIS;4;4;35;1736;279;2021-2022;;1;TROISIEME;1ER CYCLE;0;LETTRES;1
449;HISTOIRE-GEOGRAPHIE;2;2;35;1743;279;2021-2022;;0;TROISIEME;1ER CYCLE;0;LETTRES;3
450;INFORMATIQUE;1;1;35;1764;279;2021-2022;;0;TROISIEME;1ER CYCLE;0;AUTRES;4
451;MATHEMATIQUES;3;3;35;1747;279;2021-2022;;0;TROISIEME;1ER CYCLE;0;SCIENCES;1
453;PHYSIQUES-CHIMIE;2;2;35;1755;279;2021-2022;;0;TROISIEME;1ER CYCLE;0;SCIENCES;2
454;SVT;2;2;35;2429;279;2021-2022;;0;TROISIEME;1ER CYCLE;0;SCIENCES;3
609;ANGLAIS;2;2;45;1738;279;2021-2022;;0;TROISIEME;1ER CYCLE;0;LETTRES;2
457;ANGLAIS;2;2;36;1737;279;2021-2022;;0;TROISIEME;1ER CYCLE;0;LETTRES;2
460;EDHC;1;1;36;1755;279;2021-2022;;0;TROISIEME;1ER CYCLE;0;AUTRES;2
461;EDUCATION MUSICALE;1;1;36;2427;279;2021-2022;;0;TROISIEME;1ER CYCLE;0;AUTRES;3
462;EPS;1;1;36;1763;279;2021-2022;;0;TROISIEME;1ER CYCLE;0;AUTRES;1
463;ESPAGNOL;1;1;36;2359;279;2021-2022;;0;TROISIEME;1ER CYCLE;0;LETTRES;4
465;FRANCAIS;4;4;36;1735;279;2021-2022;;1;TROISIEME;1ER CYCLE;0;LETTRES;1
466;HISTOIRE-GEOGRAPHIE;2;2;36;1745;279;2021-2022;;0;TROISIEME;1ER CYCLE;0;LETTRES;3
467;INFORMATIQUE;1;1;36;1764;279;2021-2022;;0;TROISIEME;1ER CYCLE;0;AUTRES;4
468;MATHEMATIQUES;3;3;36;1752;279;2021-2022;;0;TROISIEME;1ER CYCLE;0;SCIENCES;1
608;ALLEMAND;1;1;45;2358;279;2021-2022;;0;TROISIEME;1ER CYCLE;0;LETTRES;4
470;PHYSIQUES-CHIMIE;2;2;36;1754;279;2021-2022;;0;TROISIEME;1ER CYCLE;0;SCIENCES;2
471;SVT;2;2;36;1757;279;2021-2022;;0;TROISIEME;1ER CYCLE;0;SCIENCES;3
472;ALLEMAND;3;3;37;2358;279;2021-2022;;0;SECONDE;2ND CYCLE;0;LETTRES;4
627;ARTS PLASTIQUES;1;1;30;2357;279;2021-2022;;0;CINQUIEME;1ER CYCLE;0;AUTRES;4
474;ANGLAIS;3;3;37;1738;279;2021-2022;;0;SECONDE;2ND CYCLE;0;LETTRES;2
478;EDUCATION MUSICALE;1;1;37;2427;279;2021-2022;;0;SECONDE;2ND CYCLE;0;AUTRES;2
479;EPS;1;1;37;1762;279;2021-2022;;0;SECONDE;2ND CYCLE;0;AUTRES;1
480;ESPAGNOL;3;3;37;2359;279;2021-2022;;0;SECONDE;2ND CYCLE;0;LETTRES;5
482;FRANCAIS;4;4;37;1733;279;2021-2022;;1;SECONDE;2ND CYCLE;0;LETTRES;1
483;HISTOIRE-GEOGRAPHIE;3;3;37;1742;279;2021-2022;;0;SECONDE;2ND CYCLE;0;LETTRES;3
484;INFORMATIQUE;1;1;37;1764;279;2021-2022;;0;SECONDE;2ND CYCLE;0;AUTRES;3
485;MATHEMATIQUES;3;3;37;2356;279;2021-2022;;0;SECONDE;2ND CYCLE;0;SCIENCES;1
487;PHYSIQUES-CHIMIE;2;2;37;1753;279;2021-2022;;0;SECONDE;2ND CYCLE;0;SCIENCES;2
488;SVT;2;2;37;1757;279;2021-2022;;0;SECONDE;2ND CYCLE;0;SCIENCES;3
489;ALLEMAND;1;1;38;2358;279;2021-2022;;0;SECONDE;2ND CYCLE;0;LETTRES;4
626;ARTS PLASTIQUES;1;1;29;2357;279;2021-2022;;0;SIXIEME;1ER CYCLE;0;AUTRES;4
491;ANGLAIS;3;3;38;1737;279;2021-2022;;0;SECONDE;2ND CYCLE;0;LETTRES;2
495;EDUCATION MUSICALE;1;1;38;2427;279;2021-2022;;0;SECONDE;2ND CYCLE;0;AUTRES;2
496;EPS;1;1;38;1762;279;2021-2022;;0;SECONDE;2ND CYCLE;0;AUTRES;1
497;ESPAGNOL;1;1;38;2359;279;2021-2022;;0;SECONDE;2ND CYCLE;0;LETTRES;5
499;FRANCAIS;3;3;38;1735;279;2021-2022;;1;SECONDE;2ND CYCLE;0;LETTRES;1
500;HISTOIRE-GEOGRAPHIE;2;2;38;1745;279;2021-2022;;0;SECONDE;2ND CYCLE;0;LETTRES;3
501;INFORMATIQUE;1;1;38;1764;279;2021-2022;;0;SECONDE;2ND CYCLE;0;AUTRES;3
502;MATHEMATIQUES;5;5;38;1748;279;2021-2022;;0;SECONDE;2ND CYCLE;0;SCIENCES;1
504;PHYSIQUES-CHIMIE;4;4;38;1754;279;2021-2022;;0;SECONDE;2ND CYCLE;0;SCIENCES;2
505;SVT;2;2;38;1757;279;2021-2022;;0;SECONDE;2ND CYCLE;0;SCIENCES;3
506;ALLEMAND;3;3;39;2358;279;2021-2022;;0;PREMIERE;2ND CYCLE;0;LETTRES;5
508;ANGLAIS;4;4;39;1739;279;2021-2022;;0;PREMIERE;2ND CYCLE;0;LETTRES;2
512;EDUCATION MUSICALE;1;1;39;1760;279;2021-2022;;0;PREMIERE;2ND CYCLE;0;AUTRES;2
513;EPS;1;1;39;1762;279;2021-2022;;0;PREMIERE;2ND CYCLE;0;AUTRES;1
514;ESPAGNOL;3;3;39;1740;279;2021-2022;;0;PREMIERE;2ND CYCLE;0;LETTRES;6
516;FRANCAIS;4;4;39;1733;279;2021-2022;;1;PREMIERE;2ND CYCLE;0;LETTRES;1
517;HISTOIRE-GEOGRAPHIE;3;3;39;1745;279;2021-2022;;0;TROISIEME;2ND CYCLE;0;LETTRES;3
518;INFORMATIQUE;1;1;39;1764;279;2021-2022;;0;PREMIERE;2ND CYCLE;0;AUTRES;3
519;MATHEMATIQUES;3;2;39;2356;279;2021-2022;;0;PREMIERE;2ND CYCLE;0;SCIENCES;1
520;PHILOSOPHIE;3;3;39;1731;279;2021-2022;;0;PREMIERE;2ND CYCLE;0;LETTRES;4
521;PHYSIQUES-CHIMIE;1;1;39;1753;279;2021-2022;;0;PREMIERE;2ND CYCLE;0;SCIENCES;2
522;SVT;1;1;39;1757;279;2021-2022;;0;PREMIERE;2ND CYCLE;0;SCIENCES;3
624;ARTS PLASTIQUES;1;1;27;2357;279;2021-2022;;0;SIXIEME;1ER CYCLE;0;AUTRES;3
542;ANGLAIS;2;2;41;1737;279;2021-2022;;0;PREMIERE;2ND CYCLE;0;LETTRES;2
546;EDUCATION MUSICALE;1;1;41;2427;279;2021-2022;;0;PREMIERE;2ND CYCLE;0;AUTRES;2
547;EPS;1;1;41;1762;279;2021-2022;;0;PREMIERE;2ND CYCLE;0;AUTRES;1
550;FRANCAIS;3;3;41;1735;279;2021-2022;;1;PREMIERE;2ND CYCLE;0;LETTRES;1
551;HISTOIRE-GEOGRAPHIE;2;2;41;1743;279;2021-2022;;0;PREMIERE;2ND CYCLE;0;LETTRES;3
552;INFORMATIQUE;1;1;41;1764;279;2021-2022;;0;PREMIERE;2ND CYCLE;0;AUTRES;3
553;MATHEMATIQUES;4;4;41;1748;279;2021-2022;;0;PREMIERE;2ND CYCLE;0;SCIENCES;1
554;PHILOSOPHIE;2;2;41;1732;279;2021-2022;;0;PREMIERE;2ND CYCLE;0;LETTRES;4
555;PHYSIQUES-CHIMIE;4;4;41;1754;279;2021-2022;;0;PREMIERE;2ND CYCLE;0;SCIENCES;2
556;SVT;4;4;41;1758;279;2021-2022;;0;PREMIERE;2ND CYCLE;0;SCIENCES;3
557;ALLEMAND;3;3;42;2358;279;2021-2022;;0;TERMINALE;2ND CYCLE;0;LETTRES;5
623;ARTS PLASTIQUES;1;1;26;2357;279;2021-2022;;0;SIXIEME;1ER CYCLE;0;AUTRES;3
559;ANGLAIS;4;4;42;1739;279;2021-2022;;0;TERMINALE;2ND CYCLE;0;LETTRES;2
563;EDUCATION MUSICALE;1;1;42;1760;279;2021-2022;;0;TERMINALE;2ND CYCLE;0;AUTRES;2
564;EPS;1;1;42;1762;279;2021-2022;;0;TERMINALE;2ND CYCLE;0;AUTRES;1
565;ESPAGNOL;3;3;42;2359;279;2021-2022;;0;TERMINALE;2ND CYCLE;0;LETTRES;6
567;FRANCAIS;4;4;42;1749;279;2021-2022;;1;TERMINALE;2ND CYCLE;0;LETTRES;1
568;HISTOIRE-GEOGRAPHIE;3;3;42;1742;279;2021-2022;;0;TERMINALE;2ND CYCLE;0;LETTRES;3
570;MATHEMATIQUES;4;2;42;1748;279;2021-2022;;0;TERMINALE;2ND CYCLE;0;SCIENCES;1
571;PHILOSOPHIE;5;5;42;1732;279;2021-2022;;0;TERMINALE;2ND CYCLE;0;LETTRES;4
573;SVT;2;2;42;1757;279;2021-2022;;0;TERMINALE;2ND CYCLE;0;SCIENCES;2
576;ANGLAIS;1;1;43;1737;279;2021-2022;;0;TROISIEME;2ND CYCLE;0;LETTRES;2
580;EDUCATION MUSICALE;1;1;43;1760;279;2021-2022;;0;TERMINALE;2ND CYCLE;0;AUTRES;2
581;EPS;1;1;43;1763;279;2021-2022;;0;TERMINALE;2ND CYCLE;0;AUTRES;1
584;FRANCAIS;3;3;43;1733;279;2021-2022;;1;TERMINALE;2ND CYCLE;0;LETTRES;1
585;HISTOIRE-GEOGRAPHIE;2;2;43;1742;279;2021-2022;;0;TERMINALE;2ND CYCLE;0;LETTRES;3
587;MATHEMATIQUES;5;5;43;1751;279;2021-2022;;0;TERMINALE;2ND CYCLE;0;SCIENCES;1
588;PHILOSOPHIE;2;2;43;1731;279;2021-2022;;0;TERMINALE;2ND CYCLE;0;LETTRES;4
589;PHYSIQUES-CHIMIE;5;5;43;1756;279;2021-2022;;0;TERMINALE;2ND CYCLE;0;SCIENCES;2
590;SVT;2;2;43;1757;279;2021-2022;;0;TERMINALE;2ND CYCLE;0;SCIENCES;3
593;ANGLAIS;1;1;44;1737;279;2021-2022;;0;TERMINALE;2ND CYCLE;0;LETTRES;2
597;EDUCATION MUSICALE;1;1;44;1760;279;2021-2022;;0;TERMINALE;2ND CYCLE;0;AUTRES;2
598;EPS;1;1;44;1763;279;2021-2022;;0;TERMINALE;2ND CYCLE;0;AUTRES;1
601;FRANCAIS;3;3;44;1733;279;2021-2022;;1;TERMINALE;2ND CYCLE;0;LETTRES;1
602;HISTOIRE-GEOGRAPHIE;2;2;44;1742;279;2021-2022;;0;TROISIEME;2ND CYCLE;0;LETTRES;3
604;MATHEMATIQUES;4;4;44;1751;279;2021-2022;;0;TERMINALE;2ND CYCLE;0;SCIENCES;1
605;PHILOSOPHIE;2;2;44;1731;279;2021-2022;;0;TERMINALE;2ND CYCLE;0;LETTRES;4
606;PHYSIQUES-CHIMIE;4;4;44;1756;279;2021-2022;;0;TERMINALE;2ND CYCLE;0;SCIENCES;2
607;SVT;4;4;44;1758;279;2021-2022;;0;TERMINALE;2ND CYCLE;0;SCIENCES;3